{"cameraMode":{"drawMode":0,"name":"Shaded","section":"Shading Mode"},"sceneLighting":true,"audioPlay":false,"sceneViewState":{"showFog":true,"showMaterialUpdate":false,"showSkybox":true,"showFlares":true,"showImageEffects":true,"showParticleSystems":true},"in2DMode":false,"pivot":{"x":4.764280796051025,"y":6.275508403778076,"z":-6.787096977233887},"rotation":{"x":-0.13634125888347627,"y":0.8247469067573547,"z":-0.22453917562961579,"w":-0.5007882714271545},"size":7.651488304138184,"orthographic":false}