{"cameraMode":{"drawMode":0,"name":"Shaded","section":"Shading Mode"},"sceneLighting":true,"audioPlay":false,"sceneViewState":{"showFog":true,"showMaterialUpdate":false,"showSkybox":true,"showFlares":true,"showImageEffects":true,"showParticleSystems":true},"in2DMode":false,"pivot":{"x":-3.0760865211486818,"y":0.03767714649438858,"z":-4.650062561035156},"rotation":{"x":-0.3144914507865906,"y":-0.4630328416824341,"z":0.18002554774284364,"w":-0.8088882565498352},"size":4.812729835510254,"orthographic":false}