{"cameraMode":{"drawMode":0,"name":"Shaded","section":"Shading Mode"},"sceneLighting":false,"audioPlay":false,"sceneViewState":{"showFog":true,"showMaterialUpdate":false,"showSkybox":false,"showFlares":true,"showImageEffects":true,"showParticleSystems":true},"in2DMode":false,"pivot":{"x":-0.6815220713615418,"y":1.8496161699295045,"z":0.3573130667209625},"rotation":{"x":-0.33977973461151125,"y":-0.5736861228942871,"z":0.28267011046409609,"w":-0.68959641456604},"size":0.7549835443496704,"orthographic":false}