{"cameraMode":{"drawMode":0,"name":"Shaded","section":"Shading Mode"},"sceneLighting":true,"audioPlay":false,"sceneViewState":{"showFog":true,"showMaterialUpdate":false,"showSkybox":true,"showFlares":true,"showImageEffects":true,"showParticleSystems":true},"in2DMode":false,"pivot":{"x":-5.2523040771484379,"y":4.916718006134033,"z":-2.9404714107513429},"rotation":{"x":-0.4916689991950989,"y":-0.19958026707172395,"z":0.11688752472400665,"w":-0.8395106196403503},"size":1.2740004062652588,"orthographic":false}