{"cameraMode":{"drawMode":0,"name":"Shaded","section":"Shading Mode"},"sceneLighting":true,"audioPlay":false,"sceneViewState":{"showFog":true,"showMaterialUpdate":false,"showSkybox":true,"showFlares":true,"showImageEffects":true,"showParticleSystems":true},"in2DMode":false,"pivot":{"x":-2.1692514419555666,"y":4.107342720031738,"z":-4.171169281005859},"rotation":{"x":-0.26619917154312136,"y":-0.4620188772678375,"z":0.1476459950208664,"w":-0.8330004811286926},"size":0.7677775621414185,"orthographic":false}